public-sector-classification	name
01	Public Non-Financial Corporation
02	Central Government
03	Former Central Government
04	Local Government
05	Former Public Corporation
06	Public Financial Corporation
07	Central Government Funds, Accounts, Courts and Posts
08	Former Public Non-Financial Corporation
09	Former Local Government
10	Former Public Financial Corporation
11	Public Pension Funds
12	Insurance Corporations and Pension Funds (public)
13	Local Government Funds, Accounts, Courts and Posts
14	Public Non-Money-Market-Fund Investment Funds
15	Public Pension Fund
